{"cameraMode":{"drawMode":0,"name":"Shaded","section":"Shading Mode"},"sceneLighting":true,"audioPlay":false,"sceneViewState":{"showFog":true,"showMaterialUpdate":false,"showSkybox":true,"showFlares":true,"showImageEffects":true,"showParticleSystems":true,"showVisualEffectGraphs":true,"m_FxEnabled":true},"in2DMode":false,"pivot":{"x":-1.0225787162780762,"y":0.42786261439323428,"z":0.3039484918117523},"rotation":{"x":0.10129648447036743,"y":-0.654492974281311,"z":0.08909061551094055,"w":0.7439653277397156},"size":3.8267629146575929,"orthographic":false}